-- phpMyAdmin SQL Dump
-- version 4.7.4
-- https://www.phpmyadmin.net/
--
-- Host: 127.0.0.1
-- Generation Time: Jul 14, 2020 at 05:02 PM
-- Server version: 10.1.28-MariaDB
-- PHP Version: 7.1.11

SET SQL_MODE = "NO_AUTO_VALUE_ON_ZERO";
SET AUTOCOMMIT = 0;
START TRANSACTION;
SET time_zone = "+00:00";


/*!40101 SET @OLD_CHARACTER_SET_CLIENT=@@CHARACTER_SET_CLIENT */;
/*!40101 SET @OLD_CHARACTER_SET_RESULTS=@@CHARACTER_SET_RESULTS */;
/*!40101 SET @OLD_COLLATION_CONNECTION=@@COLLATION_CONNECTION */;
/*!40101 SET NAMES utf8mb4 */;

--
-- Database: `shopify`
--

-- --------------------------------------------------------

--
-- Table structure for table `tbl_cart`
--

CREATE TABLE `tbl_cart` (
  `user_id` int(15) NOT NULL,
  `prod_id` int(15) NOT NULL,
  `prod_quantity` int(15) NOT NULL
) ENGINE=InnoDB DEFAULT CHARSET=latin1;

--
-- Dumping data for table `tbl_cart`
--

INSERT INTO `tbl_cart` (`user_id`, `prod_id`, `prod_quantity`) VALUES
(20201002, 21, 1),
(20201002, 43, 1),
(20201002, 1, 1),
(20201001, 49, 1),
(20201001, 48, 3),
(20201001, 47, 2),
(20201001, 50, 1),
(20201001, 46, 1),
(20201001, 45, 1),
(20201001, 5, 1),
(20201001, 2, 1),
(20201001, 11, 1),
(20201207, 45, 2),
(20201207, 43, 2),
(20201207, 12, 1),
(20201001, 19, 1),
(20201001, 9, 1),
(20201001, 15, 1);

-- --------------------------------------------------------

--
-- Table structure for table `tbl_coupon`
--

CREATE TABLE `tbl_coupon` (
  `coupon_id` int(11) NOT NULL,
  `coupon_name` varchar(50) NOT NULL,
  `code` varchar(30) NOT NULL,
  `percentage` int(5) DEFAULT NULL,
  `amount` int(10) DEFAULT NULL,
  `prod_id` varchar(512) DEFAULT NULL,
  `shop_name` varchar(50) DEFAULT NULL,
  `category` varchar(50) DEFAULT NULL
) ENGINE=InnoDB DEFAULT CHARSET=latin1;

--
-- Dumping data for table `tbl_coupon`
--

INSERT INTO `tbl_coupon` (`coupon_id`, `coupon_name`, `code`, `percentage`, `amount`, `prod_id`, `shop_name`, `category`) VALUES
(111001, 'Merco Bonus Black Friday', 'mbbf50', 50, NULL, NULL, NULL, NULL),
(111002, 'Vanish Dish Washer Cashback Offer', 'vanish50', NULL, 50, NULL, 'Vanish', NULL),
(111003, 'Santa Fun Holiday Cash Wining Week Offer', 'saaf2020', 20, NULL, NULL, NULL, NULL),
(111004, 'Appo Mobile Excessories Cashback Offer', 'appo150', NULL, 150, NULL, 'Appo', NULL),
(111005, 'Black Friday Sale Up To 40%', 'black40week', 40, NULL, NULL, NULL, NULL),
(111006, 'Kazi & kazi Fun Wheel Bonus Cash Offer', 'k&k15', 15, NULL, NULL, NULL, NULL),
(111007, 'Saaibo Run Week July Sales', 'srweek2020', 10, NULL, NULL, NULL, NULL);

-- --------------------------------------------------------

--
-- Table structure for table `tbl_invoice`
--

CREATE TABLE `tbl_invoice` (
  `inv_id` int(11) NOT NULL,
  `inv_date` date DEFAULT NULL,
  `invNum` varchar(150) DEFAULT NULL,
  `invSeq` varchar(20) DEFAULT NULL,
  `vat` int(11) DEFAULT NULL,
  `custID` int(11) DEFAULT NULL,
  `inv_created_by` varchar(100) DEFAULT NULL,
  `inv_createdDate` datetime DEFAULT NULL,
  `updateBy` varchar(100) DEFAULT NULL,
  `updateDate` datetime NOT NULL
) ENGINE=InnoDB DEFAULT CHARSET=latin1;

-- --------------------------------------------------------

--
-- Table structure for table `tbl_order_details`
--

CREATE TABLE `tbl_order_details` (
  `no` int(20) NOT NULL,
  `order_id` varchar(100) NOT NULL,
  `prod_name` varchar(150) DEFAULT NULL,
  `prod_id` int(11) NOT NULL,
  `prod_qty` int(11) NOT NULL,
  `prod_MRP_price` int(20) DEFAULT NULL,
  `total_price` int(20) DEFAULT NULL,
  `grand_price` int(20) NOT NULL,
  `creation_date` varchar(20) NOT NULL,
  `order_by` int(10) NOT NULL,
  `order_status` varchar(20) DEFAULT NULL
) ENGINE=InnoDB DEFAULT CHARSET=latin1;

--
-- Dumping data for table `tbl_order_details`
--

INSERT INTO `tbl_order_details` (`no`, `order_id`, `prod_name`, `prod_id`, `prod_qty`, `prod_MRP_price`, `total_price`, `grand_price`, `creation_date`, `order_by`, `order_status`) VALUES
(1, '2020-07-10-500800', 'Heiko Tama Lightening Haircare (Japnese)', 45, 2, 440, 880, 2370, '2020-07-10 11:30', 20201001, 'Paid'),
(2, '2020-07-10-500800', 'Hansa Hair Herbal Shampoo', 44, 2, 525, 1050, 2370, '2020-07-10 11:30', 20201001, 'Paid'),
(3, '2020-07-10-500800', 'Biocos beauty cream', 30, 2, 220, 440, 2370, '2020-07-10 11:30', 20201001, 'Paid'),
(4, '2020-07-10-500850', 'Cherry whitening Beauty Melatonin cream', 28, 2, 170, 340, 580, '2020-07-10 02:35', 20201002, 'Paid'),
(5, '2020-07-10-500850', 'Body Cream NO-1 ..Vietnam Whitening cream', 27, 2, 120, 240, 580, '2020-07-10 02:35', 20201002, 'Paid');

-- --------------------------------------------------------

--
-- Table structure for table `tbl_prod_details`
--

CREATE TABLE `tbl_prod_details` (
  `prod_id` int(11) NOT NULL,
  `prod_name` varchar(120) NOT NULL,
  `prod_details` varchar(768) NOT NULL,
  `prod_MRP_price` varchar(50) NOT NULL,
  `prod_SELLER_price` varchar(20) DEFAULT NULL,
  `prod_qty` int(11) NOT NULL,
  `prod_rating` double(2,1) DEFAULT NULL,
  `created_date` datetime NOT NULL,
  `prod_shop` varchar(100) DEFAULT NULL,
  `prod_cat` varchar(15) DEFAULT NULL
) ENGINE=InnoDB DEFAULT CHARSET=latin1;

--
-- Dumping data for table `tbl_prod_details`
--

INSERT INTO `tbl_prod_details` (`prod_id`, `prod_name`, `prod_details`, `prod_MRP_price`, `prod_SELLER_price`, `prod_qty`, `prod_rating`, `created_date`, `prod_shop`, `prod_cat`) VALUES
(1, 'Lixiandi pearl whitening cream', 'Product Name : LIXIANDI PEARL WHITENING CREAM\r\nManufacturer : KGB global international\r\n\r\nImported By : KB enterprise\r\nVery Enlightenning Product\r\nGreat to use\r\nFor smoothy scene\r\nDark Eye Circle Remover\r\nVery Good Product', '150', '165', 10, 0.0, '2020-03-27 17:18:00', 'Zodiac Pearl', 'Category 1'),
(2, 'Lanxi cherry kiwi tomato whitening cream', 'Very Enlightenning Product\r\nGreat to use\r\nFor smoothy scene\r\nDark Eye Circle Remover\r\nVery Good Product', '180', '200', 10, 0.0, '2020-03-27 17:18:00', 'Chearing House', 'Category 1'),
(3, 'Lanxi apple and gingo whitening cream', 'Product Name : LANXI APPLE AND GINGO WHITENING CREAM\r\nManufacturer : Lara Cosmetics\r\n\r\nImported By : Lara enterprise\r\nVery Enlightenning Product\r\nGreat to use\r\nFor smoothy scene\r\nDark Eye Circle Remover\r\nVery Good Product', '170', '175', 10, 0.0, '2020-03-27 17:18:00', 'Lara Cosmetics', 'Category 1'),
(4, 'kim whitening pearl cream', 'Product Name : KIM WHITENING PEARL CREAM\r\nManufacturer : Kim Cosmetics\r\n\r\nImported By : Herber Peral\r\nVery Enlightenning Product\r\nGreat to use\r\nFor smoothy scene\r\nDark Eye Circle Remover\r\nVery Good Product', '122', '130', 18, 0.0, '2020-03-27 17:18:00', 'jamijoy', 'Category 1'),
(5, 'Aichun beauty whitening face cream', 'Product Name :AICHUN BEAUTY WHITENING FACE CREAM\r\nManufacturer : Kim Cosmetics\r\n\r\nImported By : Herber Peral\r\nVery Enlightenning Product\r\nGreat to use\r\nFor smoothy scene\r\nDark Eye Circle Remover\r\nVery Good Product', '182', '190', 20, 0.0, '2020-03-27 17:18:00', 'Alita Light', 'Category 1'),
(6, 'Lanxi ginseng whitening beauty melatonin cream', 'LANXI GINSENG WHITENING BEAUTY MELATONIN CREAM\r\nManufacturer : Kim Cosmetics\r\n\r\nImported By : Herber Peral\r\nVery Enlightenning Product\r\nGreat to use\r\nFor smoothy scene\r\nDark Eye Circle Remover\r\nVery Good Product', '150', '190', 20, 0.0, '2020-03-27 17:18:00', 'Alita Light', 'Category 1'),
(7, 'Dermeinaier egg shell yeast mask cream', 'Product Name :DERMEINAIER EGG SHELL YEAST MASK CREAM\r\nManufacturer : Kim Cosmetics\r\n\r\nImported By : Herber Peral\r\nVery Enlightenning Product\r\nGreat to use\r\nFor smoothy scene\r\nDark Eye Circle Remover\r\nVery Good Product', '110', '150', 10, 0.0, '2020-03-27 17:18:00', 'Tribal Herbs', 'Category 1'),
(8, 'Bio active facial ehitening cream for men', 'Product Name :Bio active facial ehitening cream for men\r\nManufacturer : Kim Cosmetics\r\n\r\nImported By : Herber Peral\r\nVery Enlightenning Product\r\nGreat to use\r\nFor smoothy scene\r\nDark Eye Circle Remover\r\nVery Good Product', '170', '200', 6, 0.0, '2020-03-27 17:18:00', 'Zodiac Pearl', 'Category 2'),
(9, 'Bio active face whitening cream', 'Product Name Bio active face whitening cream\r\nManufacturer : Kim Cosmetics\r\n\r\nImported By : Herber Peral\r\nVery Enlightenning Product\r\nGreat to use\r\nFor smoothy scene\r\nDark Eye Circle Remover\r\nVery Good Product', '180', '200', 6, 0.0, '2020-03-27 17:18:00', 'Zodiac Pearl', 'Category 2'),
(10, 'ALIKE boost luster Superior whitening cream', 'Product Name :ALIKE boost luster Superior whitening cream\r\nImported By : Herber Peral\r\nVery Enlightenning Product\r\nGreat to use\r\nFor smoothy scene\r\nDark Eye Circle Remover\r\nVery Good Product', '110', '120', 6, 0.0, '2020-03-27 17:18:00', 'Zodiac Pearl', 'Category 2'),
(11, '7 days plastic whitening regeneration cream', 'Product Name :7 DAYS PLASTIC WHITENING REGENERATION CREAM\r\nImported By : Herber Peral\r\nVery Enlightenning Product\r\nGreat to use\r\nFor smoothy scene\r\nDark Eye Circle Remover\r\nVery Good Product', '150', '170', 6, 0.0, '2020-03-27 17:18:00', 'Chearing House', 'Category 2'),
(12, 'Garnier light complete farness cream', 'Product Name :GARNIER LIGHT COMPLETE FARNESS CREAM\r\nManufacturer : Kim Cosmetics\r\nImported By : Herber Peral\r\nVery Enlightenning Product\r\nGreat to use\r\nFor smoothy scene\r\nDark Eye Circle Remover\r\nVery Good Product', '180', '200', 4, 0.0, '2020-03-27 17:18:00', 'Chearing House', 'Category 2'),
(13, 'zafran whitening cream', 'Product Name :ZAFRAN WHITENING CREAM\r\nManufacturer : Kim Cosmetics\r\nImported By : Herber Peral\r\nVery Enlightenning Product\r\nGreat to use\r\nFor smoothy scene\r\nDark Eye Circle Remover\r\nVery Good Product', '120', '150', 4, 0.0, '2020-03-27 17:18:00', 'Chearing House', 'Category 2'),
(14, 'Gul white 7 in 1 cream', 'Product Name :GUL WHITE 7 IN 1 CREAM\r\nManufacturer : Kim Cosmetics\r\nImported By : Herber Peral\r\nVery Enlightenning Product\r\nGreat to use\r\nFor smoothy scene\r\nDark Eye Circle Remover\r\nVery Good Product', '110', '130', 11, 0.0, '2020-03-27 17:18:00', 'Lara Cosmetics', 'Category 2'),
(15, '4k plus whitening cream', 'Product Name :4K PLUS WHITENING CREAM\r\nManufacturer : Kim Cosmetics\r\n\r\nImported By : Herber Peral\r\nVery Enlightenning Product\r\nGreat to use\r\nFor smoothy scene\r\nDark Eye Circle Remover\r\nVery Good Product', '150', '250', 10, 0.0, '2020-03-27 17:18:00', 'Lara Cosmetics', 'Category 2'),
(16, 'Cathy doll L-Glutathione Magic cream', 'Product Name :Cathy doll L-Glutathione Magic cream\r\nManufacturer : Kim Cosmetics\r\n...................................................................................................................................\r\nImported By : Herber Peral\r\nVery Enlightenning Product\r\nGreat to use\r\nFor smoothy scene\r\nDark Eye Circle Remover\r\nVery Good Product', '120', '150', 10, 0.0, '2020-03-27 17:18:00', 'Lara Cosmetics', 'Category 2'),
(17, 'Egg white & Cherry whitening cream', 'Egg white & Cherry whitening cream\r\nProduct Name : Egg white & Cherry whitening cream\r\nManufacturer : Kim Cosmetics\r\n...................................................................................................................................\r\nImported By : Herber Peral\r\nVery Enlightenning Product\r\nGreat to use\r\nFor smoothy scene\r\nDark Eye Circle Remover\r\nVery Good Product', '140', '160', 5, 0.0, '2020-03-27 17:18:00', 'Alita Light', 'Category 3'),
(18, 'lanting Birds nest whitening cream', 'lanting Birds nest whitening cream\r\nManufacturer : Lara Cosmetics\r\n...................................................................................................................................\r\nImported By : Herber Peral\r\nVery Enlightenning Product\r\nGreat to use\r\nFor smoothy scene\r\nDark Eye Circle Remover\r\nVery Good Product', '350', '380', 11, 0.0, '2020-03-27 17:18:00', 'Lara Cosmetics', 'Category 3'),
(19, 'Yc whitenimg Total Fairness cream & Herbal formula', 'Yc whitenimg Total Fairness cream & Herbal formula\r\nManufacturer : KGB global international\r\n\r\nImported By : KB enterprise\r\nVery Enlightenning Product\r\nGreat to use\r\nFor smoothy scene\r\nDark Eye Circle Remover\r\nVery Good Product', '400', '450', 18, 0.0, '2020-03-27 17:18:00', 'Chearing House', 'Category 3'),
(20, 'U white peral cream Ginseng whitening cream', 'U white peral cream Ginseng whitening cream\r\nManufacturer : Cute Cosmetics\r\n\r\nImported By : Tribal Herbs\r\nVery Enlightenning Product\r\nGreat to use\r\nFor smoothy scene\r\nDark Eye Circle Remover\r\nVery Good Product', '630', '650', 12, 0.0, '2020-03-27 17:18:00', 'Tribal Herbs', 'Category 3'),
(21, 'Whitening Rose Beauty cream', 'Whitening Rose Beauty cream\r\nManufacturer : Rose Parlor Limited\r\n\r\nImported By : KB enterprise\r\nVery Enlightenning Product\r\nGreat to use\r\nFor smoothy scene\r\nDark Eye Circle Remover\r\nVery Good Product', '545', '545', 12, 0.0, '2020-03-28 17:50:00', 'Lara Cosmetics', 'Category 3'),
(22, 'Berry plus Extra  whitening cream', 'Berry plus Extra  whitening cream\r\nManufacturer : Rose Parlor Limited\r\n\r\nImported By : Cute Bangladesh\r\nVery Enlightenning Product\r\nGreat to use\r\nFor smoothy scene\r\nDark Eye Circle Remover\r\nVery Good Product', '600', '600', 11, 0.0, '2020-03-28 17:46:00', 'Chearing House', 'Category 3'),
(23, 'Collagen Deep cleansing snail whitening cream', 'Collagen Deep cleansing snail whitening cream\r\nImported By : Cute Bangladesh\r\n\r\nAuthentic Product ***\r\n- Keep product in cold place\r\n- Keep out of Children reach\r\n- Rub the mosturizer cacrefully arround face\r\n- Remove black layer mask carefully', '1200', '1280', 11, 0.0, '2020-03-28 17:45:00', 'Cute Bangladesh', 'Category 3'),
(24, '2 pcs FEIQUE herbal extract skin whitening Anti-Freckle cream', '2 pcs FEIQUE herbal extract skin whitening Anti-Freckle cream\r\nManufacturer : Cute Bangladesh\r\n----------------------------------------------------------------\r\nDescription:\r\n- Very Enlightenning Product\r\n- Great to use\r\n- For smoothy scene\r\n- Dark Eye Circle Remover\r\n- Very Good Product\r\n- Keep in cold and light place', '865', '870', 11, 0.0, '2020-03-28 17:42:00', 'Cute Bangladesh', 'Category 3'),
(25, 'Lanxi pearl whitening Beauty Melatonin cream', 'Lanxi pearl whitening Beauty Melatonin cream\r\nManufacturer : Lanxi Indonesia Crp.\r\nMade in INDONESIA\r\n----------------------------------------------------------------\r\nDescription:\r\n- Very Enlightenning Product\r\n- Great to use\r\n- For smoothy scene\r\n- Dark Eye Circle Remover\r\n- Very Good Product\r\n- Keep in cold and light place', '900', '910', 14, 0.0, '2020-03-28 17:40:00', 'Lanxi Indonesia', 'Category 4'),
(26, 'Lanxi Birds Nest whitenimg cream', 'Lanxi pearl whitening Beauty Melatonin cream\r\nManufacturer : Lanxi Indonesia Crp.\r\nMade in INDONESIA\r\n----------------------------------------------------------------\r\nDescription:\r\n- Very Enlightenning Product\r\n- Great to use\r\n- For smoothy scene\r\n- Dark Eye Circle Remover\r\n- Very Good Product\r\n- Keep in cold and light place', '650', '650', 14, 0.0, '2020-03-28 17:38:00', 'Lanxi Indonesia', 'Category 4'),
(27, 'Body Cream NO-1 ..Vietnam Whitening cream', 'Body Cream NO-1 ..Vietnam Whitening cream\r\nManufacturer : Aroveta\r\nMade in VIETNAM\r\n----------------------------------------------------------------\r\nDescription:\r\n- Very Enlightenning Product\r\n- Great to use\r\n- For smoothy scene\r\n- Dark Eye Circle Remover\r\n- Very Good Product\r\n- Keep in cold and light place', '620', '650', 14, 0.0, '2020-03-28 17:28:00', 'Zodiac Pearl', 'Category 4'),
(28, 'Cherry whitening Beauty Melatonin cream', 'Cherry whitening Beauty Melatonin cream\r\nManufacturer : Cute Bangladesh\r\nMade in Bangladesh\r\n----------------------------------------------------------------\r\nDescription:\r\n- Very Enlightenning Product\r\n- Great to use\r\n- For smoothy scene\r\n- Dark Eye Circle Remover\r\n- Very Good Product\r\n- Keep in cold and light place', '400', '450', 14, 0.0, '2020-03-28 17:10:00', 'Cute Bangladesh', 'Category 4'),
(29, 'LAB-Y whitening Booster body cream', 'LAB-Y whitening Booster body cream\r\nManufacturer : Cute Bangladesh\r\nMade in Bangladesh\r\n----------------------------------------------------------------\r\nDescription:\r\n- Very Enlightenning Product\r\n- Great to use\r\n- For smoothy scene\r\n- Dark Eye Circle Remover\r\n- Very Good Product\r\n- Keep in cold and light place', '515', '520', 14, 0.0, '2020-03-28 17:18:00', 'Cute Bangladesh', 'Category 4'),
(30, 'Biocos beauty cream', 'Body Cream NO-1 ..Vietnam Whitening cream\r\nManufacturer : Cute Bangladesh\r\nMade in Bangladesh\r\n----------------------------------------------------------------\r\nDescription:\r\n- Very Enlightenning Product\r\n- Great to use\r\n- For smoothy scene\r\n- Dark Eye Circle Remover\r\n- Very Good Product\r\n- Keep in cold and light place', '350', '380', 14, 0.0, '2020-03-29 17:18:00', 'Cute Bangladesh', 'Category 4'),
(42, 'Hola Biscuit', 'Manufactured By : Habla Interprise, Vola\r\nMade In Bangladesh\r\n8 piece/pack\r\n\r\n** WHole Sale', '60', '62', 25, 0.0, '2020-03-31 02:22:00', 'Habla Store', 'Category 4'),
(43, 'Ceilora Anti Hair Fall Shampoo', 'Ceilora Anti Hair Fall Shampoo\r\nCute Bangladesh Product\r\n\r\nYou Will love the Shampoo Very much, Naurishing and Very Shiney with milky absorber portion for hair for well care.', '300', '340', 35, 0.0, '2020-07-09 11:07:46', 'Tribal Herbs', 'Category 3'),
(44, 'Hansa Hair Herbal Shampoo', '* Repairs Hair Root\r\n* Prevents Hair Falling\r\n* Gives Shiny look\r\n* Perfect hair naurishment', '525', '560', 35, 0.0, '2020-07-09 11:12:51', 'Tribal Herbs', 'Category 3'),
(45, 'Heiko Tama Lightening Haircare (Japnese)', '* Repairs Hair Root\r\n* Prevents Hair Falling\r\nHeiko Tama Lightening Haircare (Japnese)\r\n4K PLUS WHITENING CREAM\r\nProduct Name :AICHUN BEAUTY WHITENING FACE CREAM\r\nManufacturer : Kim Cosmetics\r\n\r\nImported By : Herber Peral\r\nVery Enlightenning Product\r\nGreat to use\r\nFor smoothy scene\r\nDark Eye Circle Remover\r\nVery Good Product', '440', '450', 28, 0.0, '2020-07-09 11:17:39', 'Tribal Herbs', 'Category 3'),
(46, 'Laravel Anti Dandroff Shampoo', 'Very Well Eloquent Anti Hair fall, Anti drandroff shampoo to use and Authentic product \r\nImported from North Ramien, California , US. Use it for a shiney look and amazing treatment to the hair.', '220', '230', 20, NULL, '2020-07-11 05:48:12', 'Tribal Herbs', 'Category 2'),
(47, 'Kjeiro 0 Cal Anti Aging Cream For Beautiful Scene', 'A Very Light Product to use,\r\nAlways keep in cold places,\r\nKeep Rubbing...', '230', '250', 15, NULL, '2020-07-11 07:19:02', 'Alita Light', 'Category 1'),
(48, 'Alita Charm gel for smooth scene', 'Alovera Ingredient Light Mosturizing cream\r\nfor a healthy use\r\nA Very Light Product to use,\r\nAlways keep in cold places,\r\n\r\nKeep Rubbing...', '330', '350', 25, NULL, '2020-07-11 07:48:06', 'Alita Light', 'Category 1'),
(49, 'KGB lightening cream 250g', 'Product Name : KGB lightening cream 250g\r\nManufacturer : KGB global international\r\nProvider : Arhamania Group\r\nImported By : KB enterprise', '700', '780', 12, NULL, '2020-07-11 07:55:00', 'Alita Light', 'Category 1'),
(50, 'ISLAND Water Treatment Facial Smoolthering Cream', 'Dark Eye Circle Remover\r\nVery Good Product\r\n\r\nVery Enlightenning Product\r\nGreat to use\r\nFor smoothy scene', '250', '280', 20, NULL, '2020-07-11 06:57:10', 'Alita Light', 'Category 1');

-- --------------------------------------------------------

--
-- Table structure for table `tbl_prod_image`
--

CREATE TABLE `tbl_prod_image` (
  `prod_id` int(10) NOT NULL,
  `image1` varchar(30) DEFAULT NULL,
  `image2` varchar(30) DEFAULT NULL,
  `image3` varchar(30) DEFAULT NULL,
  `image4` varchar(30) DEFAULT NULL
) ENGINE=InnoDB DEFAULT CHARSET=latin1;

--
-- Dumping data for table `tbl_prod_image`
--

INSERT INTO `tbl_prod_image` (`prod_id`, `image1`, `image2`, `image3`, `image4`) VALUES
(48, '48v1.png', '48v2.png', '48v3.png', '48v4.ico'),
(49, '49v1.ico', '49v2.ico', '49v3.png', NULL),
(2, '2v1.ico', '2v2.ico', '2v3.ico', '2v4.ico'),
(50, '50v1.ico', '50v2.ico', NULL, NULL),
(1, '1v1.png', '1v2.png', '1v3.png', '1v4.png'),
(3, '3v1.ico', '3v2.ico', '3v3.ico', '3v4.ico'),
(4, '4v1.ico', '4v2.ico', '4v3.png', '4v4.ico'),
(5, '5v1.ico', '5v2.png', '5v3.ico', '5v4.ico'),
(6, '6v1.ico', '6v2.ico', '6v3.ico', '6v4.ico'),
(7, '7v1.png', '7v2.png', '7v3.png', '7v4.ico'),
(8, '8v1.ico', '8v2.ico', NULL, NULL),
(9, '9v1.png', '9v2.ico', NULL, NULL),
(10, '10v1.png', '10v2.png', '10v3.png', NULL),
(11, '11v1.ico', '11v2.ico', '11v3.ico', NULL),
(12, '12v1.ico', '12v2.png', '12v3.png', NULL),
(13, '13v1.ico', '13v2.ico', NULL, NULL),
(14, '14v1.ico', '14v2.ico', NULL, NULL),
(15, '15v1.ico', '15v2.png', NULL, NULL),
(45, '45v1.ico', '45v2.ico', NULL, NULL),
(46, '46v1.png', '46v2.png', '46v3.png', NULL),
(47, '47v1.ico', '47v2.ico', NULL, NULL),
(16, '16v1.ico', '16v2.ico', NULL, NULL),
(17, '17v1.ico', '17v2.ico', NULL, '17v4.png'),
(18, '18v1.png', '18v2.png', '18v3.png', NULL),
(19, '19v1.png', '19v2.png', NULL, NULL),
(20, '20v1.ico', '20v2.png', NULL, NULL),
(21, '21v1.ico', '21v2.png', NULL, NULL),
(22, '22v1.png', '22v2.png', NULL, NULL),
(23, '23v1.png', NULL, NULL, NULL),
(24, '24v1.ico', '24v2.ico', '24v3.ico', '24v4.ico'),
(25, '25v1.png', '25v2.png', NULL, NULL),
(26, '26v1.ico', '26v2.ico', NULL, NULL),
(27, '27v1.ico', '27v2.ico', NULL, NULL),
(28, '28v1.ico', '28v2.ico', NULL, NULL),
(29, '29v1.png', '29v2.png', NULL, NULL),
(30, '30v1.ico', NULL, NULL, NULL),
(42, '42v1.ico', NULL, NULL, NULL),
(43, '43v1.ico', NULL, NULL, NULL),
(44, '44v1.ico', '44v2.png', '44v3.ico', NULL);

-- --------------------------------------------------------

--
-- Table structure for table `tbl_prod_review`
--

CREATE TABLE `tbl_prod_review` (
  `rev_no` int(10) NOT NULL,
  `prod_id` int(10) NOT NULL,
  `user_id` int(10) NOT NULL,
  `rating` double(2,1) DEFAULT NULL,
  `review` varchar(256) DEFAULT NULL,
  `time` varchar(30) NOT NULL
) ENGINE=InnoDB DEFAULT CHARSET=latin1;

--
-- Dumping data for table `tbl_prod_review`
--

INSERT INTO `tbl_prod_review` (`rev_no`, `prod_id`, `user_id`, `rating`, `review`, `time`) VALUES
(1100, 49, 20201001, 4.0, 'Awesome product, liked it very much.', '10 Jul 2020 10:30'),
(1101, 2, 20201001, 3.0, 'I got the product very Authentic, Thank you.', '11 Jul, 2020 07:45'),
(1102, 1, 20201001, 4.0, 'A Very Decent product, liked it.', '11 07, 20 08:37'),
(1103, 3, 20201001, 3.0, 'Branded And Unique, Liked It', '11 Jul, 2020 08:40'),
(1104, 4, 20201001, 3.0, 'liked it , one love', '11 Jul, 2020 08:42'),
(1105, 5, 20201001, 4.0, 'Very genuine product', '11 Jul, 2020 08:45'),
(1106, 6, 20201001, 1.0, 'Somewhat bearable. ok', '11 Jul, 2020 08:47'),
(1107, 7, 20201001, 5.0, 'Very Genuine Good Product', '11 Jul, 2020 08:49'),
(1108, 8, 20201001, 4.0, 'Amazing one', '11 Jul, 2020 08:51'),
(1109, 9, 20201001, 4.0, 'Good one, Got Authentic product garantee', '11 Jul, 2020 08:52'),
(1110, 10, 20201001, 3.0, 'Very Good Product', '11 Jul, 2020 08:54'),
(1111, 11, 20201001, 4.0, 'Usable properly', '11 Jul, 2020 08:55'),
(1112, 12, 20201001, 3.0, 'Amazing Shiny Product, THank you kim cosmetics', '11 Jul, 2020 08:57'),
(1113, 13, 20201001, 1.0, 'Worst Experience Ever', '11 Jul, 2020 08:59'),
(1114, 14, 20201001, 1.0, 'I want to return this product.', '11 Jul, 2020 09:00'),
(1115, 15, 20201001, 5.0, 'Very Good Experience with this product', '11 Jul, 2020 09:02'),
(1116, 45, 20201001, 4.0, 'Good item to refer', '11 Jul, 2020 09:04'),
(1117, 46, 20201001, 4.0, 'Thank you for this product', '11 Jul, 2020 09:05'),
(1118, 47, 20201001, 4.0, 'Enjoyed this product', '11 Jul, 2020 09:05'),
(1119, 16, 20201001, 2.0, 'Smooth Experience', '12 Jul, 2020 11:26'),
(1120, 17, 20201001, 2.0, 'Good one, Happy to use, THank YOu.', '12 Jul, 2020 11:28'),
(1121, 18, 20201001, 5.0, 'Nice, Good. Recommended', '12 Jul, 2020 11:31'),
(1122, 19, 20201001, 4.0, 'Loved it. keep it up', '12 Jul, 2020 11:39'),
(1123, 20, 20201001, 2.0, 'Liked THis product, Thank you provider.', '12 Jul, 2020 11:42'),
(1124, 21, 20201001, 3.0, 'comfortable, got this product intact and good.', '12 Jul, 2020 11:46'),
(1125, 22, 20201001, 1.0, 'Somehow good.', '12 Jul, 2020 11:49'),
(1126, 23, 20201001, 5.0, 'Very nice and Authentic product.\r\n*** Highly Recommended', '12 Jul, 2020 11:57'),
(1127, 24, 20201001, 4.0, 'Very Good one, Got as a gift.', '12 Jul, 2020 12:01'),
(1128, 25, 20201001, 1.0, 'Too much High Price.', '12 Jul, 2020 12:04'),
(1129, 26, 20201001, 4.0, 'Good one to use, use it on scene only', '12 Jul, 2020 12:05'),
(1130, 27, 20201001, 2.0, 'No 1 really.', '12 Jul, 2020 12:09'),
(1131, 28, 20201001, 4.0, 'New product in this country, Thank you very much.', '12 Jul, 2020 12:12'),
(1132, 29, 20201001, 4.0, 'Booster product ***', '12 Jul, 2020 12:14'),
(1133, 30, 20201001, 4.0, 'Enlightening and a great product', '12 Jul, 2020 12:17'),
(1134, 42, 20201001, 5.0, 'Awesome Product, Enjoyed and a healthy product. And Because of whole sale offer could order a lot and hopefully \'ll be stocked in again soon, Thank you :D', '12 Jul, 2020 12:23'),
(1135, 44, 20201001, 3.0, 'Nice One, THank you. Fastest Shipment it was.', '12 Jul, 2020 12:27'),
(1136, 43, 20201001, 2.0, 'Not much good, Thank You.', '12 Jul, 2020 12:27'),
(1137, 48, 20201001, 4.0, 'Awesome experience with this product, Thank you.', '12 Jul, 2020 12:29'),
(1138, 50, 20201001, 1.0, 'Local product, I Thought imported :p', '12 Jul, 2020 12:30'),
(1139, 48, 20201207, 4.0, 'Onek sundor product, Thank you', '12 Jul, 2020 03:13');

-- --------------------------------------------------------

--
-- Table structure for table `tbl_prod_visits`
--

CREATE TABLE `tbl_prod_visits` (
  `prod_id` int(15) NOT NULL,
  `userid` int(15) NOT NULL
) ENGINE=InnoDB DEFAULT CHARSET=latin1;

--
-- Dumping data for table `tbl_prod_visits`
--

INSERT INTO `tbl_prod_visits` (`prod_id`, `userid`) VALUES
(12, 20201002),
(18, 20201002),
(21, 20201004),
(16, 20201004),
(15, 20201004),
(14, 20201004),
(13, 20201005),
(12, 20201005),
(11, 20201005),
(10, 20201005),
(1, 20201002),
(43, 20201002),
(44, 20201002),
(45, 20201002),
(1, 20201001),
(14, 20201001),
(15, 20201001),
(16, 20201001),
(17, 20201001),
(18, 20201001),
(19, 20201001),
(20, 20201001),
(21, 20201001),
(22, 20201001),
(23, 20201001),
(24, 20201001),
(25, 20201001),
(26, 20201001),
(27, 20201001),
(28, 20201001),
(29, 20201001),
(30, 20201001),
(31, 20201001),
(32, 20201001),
(33, 20201001),
(34, 20201001),
(35, 20201001),
(42, 20201001),
(43, 20201001),
(44, 20201001),
(45, 20201001),
(46, 20201001),
(47, 20201001),
(48, 20201001),
(49, 20201001),
(51, 20201001),
(50, 20201001),
(2, 20201001),
(48, 20201207),
(3, 20201001);

-- --------------------------------------------------------

--
-- Table structure for table `tbl_sitedata`
--

CREATE TABLE `tbl_sitedata` (
  `no` int(5) NOT NULL,
  `element` varchar(30) NOT NULL,
  `data` varchar(500) NOT NULL
) ENGINE=InnoDB DEFAULT CHARSET=latin1;

--
-- Dumping data for table `tbl_sitedata`
--

INSERT INTO `tbl_sitedata` (`no`, `element`, `data`) VALUES
(0, 'contact1', '(880) 1779 611966'),
(1, 'email1', 'sales@shopify.com'),
(2, 'fblink', 'www.facebook.com/ShopifyBD'),
(3, 'twtlink', 'www.twitter.com/ShopifyBD'),
(4, 'linkedin', 'www.linkedin.com/ShopifyBD'),
(5, 'gglink', 'www.google.com/ShopifyBD'),
(6, 'sublink', 'We serve your desire'),
(7, 'slider1head', 'Site Slide One'),
(8, 'slider1body', 'Subtitile'),
(9, 'slider1button', ''),
(10, 'slider2head', 'Learn To Shop'),
(11, 'slider2body', 'Subtitle Here'),
(12, 'slider2button', ''),
(13, 'cat1', ''),
(14, 'cat1sub', 'THis is showcase for data Category 1'),
(15, 'cat2', ''),
(16, 'cat2sub', 'THis Is Showcase For Data Category 2'),
(17, 'cat3', ''),
(18, 'cat3sub', 'THis Is Showcase For Data Category 3'),
(19, 'cat4', ''),
(20, 'cat4sub', 'THis Is Showcase For Data Category 4'),
(21, 'postcad', 'Shop Showcase'),
(22, 'postcadsub', 'Subtitle'),
(23, 'postcaddata', 'Data to reviiew ... Data to reviiew ...  Data to reviiew ...  Data to reviiew ... Data to reviiew ...  Data to reviiew ...  Data to reviiew ...  Data to reviiew ...'),
(24, 'postcadbutton', ''),
(25, 'ProdShowTitle1', 'WEEKLY FEATURED PRODUCTS'),
(26, 'ProdShowTitle2', 'TRENDING'),
(27, 'ProdShowTitle3', 'NEW ARRIVALS'),
(28, 'ProdShowTitle4', 'RECENTLY VISITED PRODUCTS'),
(29, 'ProdShowTitle5', 'FUN FACTORS'),
(30, 'ProdShowTitle6', 'OUR BRANDS'),
(31, 'btnlink1', ''),
(32, 'btnlink2', ''),
(33, 'btnlink3', ''),
(34, 'btnlink4', ''),
(35, 'btnlink5', ''),
(36, 'btnlink6', ''),
(37, 'btnlink7', ''),
(38, 'btnlink8', ''),
(39, 'website', 'www.shopify.com.bd'),
(40, 'AddressCity', 'Main town, Anystreen'),
(41, 'AddressCountry', 'C/A 1254 New York.'),
(42, 'InformationData', 'Site Informational Data Area Here, About what Shopify is, what it does.'),
(43, 'High Quality', 'Your Subline Here...'),
(44, 'Fast Delivery', 'Your Subline Here...'),
(45, '24/7 Support', 'Your Subline Here...'),
(46, '7 Days Return', 'Your Subline Here...'),
(47, 'contact2', '(880) 1772 611722'),
(48, 'abouthead1', 'WELCOME TO'),
(49, 'aboutcolorhead1', 'SHOPIFY'),
(50, 'aboutsub1', 'WE SERVE YOUR DESIRES'),
(51, 'abouttext1', 'Data.......'),
(52, 'aboutcase1', 'Data...................'),
(53, 'abouthead2', 'WHY'),
(54, 'aboutcolorhead2', 'SHOPIFY?'),
(55, 'abouttext2', 'Data .............................................'),
(56, 'aboutlasttext2', 'Daa Taa .....................................'),
(57, 'contactheading', 'CONTACT US'),
(58, 'contacttext', 'Data ................. Data .................. Data ................. Data..........');

-- --------------------------------------------------------

--
-- Table structure for table `tbl_user_feedback`
--

CREATE TABLE `tbl_user_feedback` (
  `userid` int(10) NOT NULL,
  `feedback` text NOT NULL
) ENGINE=InnoDB DEFAULT CHARSET=latin1;

-- --------------------------------------------------------

--
-- Table structure for table `tbl_wishlist`
--

CREATE TABLE `tbl_wishlist` (
  `user_id` int(15) NOT NULL,
  `prod_id` int(15) NOT NULL
) ENGINE=InnoDB DEFAULT CHARSET=latin1;

--
-- Dumping data for table `tbl_wishlist`
--

INSERT INTO `tbl_wishlist` (`user_id`, `prod_id`) VALUES
(20201207, 49),
(20201207, 50),
(20201207, 45),
(20201207, 44),
(20201207, 14),
(20201001, 48),
(20201001, 44);

-- --------------------------------------------------------

--
-- Table structure for table `users`
--

CREATE TABLE `users` (
  `userid` int(15) NOT NULL,
  `username` varchar(15) NOT NULL,
  `email` varchar(50) NOT NULL,
  `password` varchar(50) NOT NULL,
  `image` varchar(60) DEFAULT NULL,
  `type` varchar(15) NOT NULL,
  `company` varchar(30) DEFAULT NULL,
  `gender` varchar(10) DEFAULT NULL,
  `address` varchar(50) DEFAULT NULL,
  `contact` int(15) NOT NULL
) ENGINE=InnoDB DEFAULT CHARSET=latin1;

--
-- Dumping data for table `users`
--

INSERT INTO `users` (`userid`, `username`, `email`, `password`, `image`, `type`, `company`, `gender`, `address`, `contact`) VALUES
(20201001, 'Jami', 'jamijoyy@gmail.com', '7815696ecbf1c96e6894b779456d330e', '1.jpg', 'admin', 'N/A', 'Male', 'Banani, Dhaka - 1220.', 1779611976),
(20201002, 'Uday', 'nahinuday@shopify.bd', '7815696ecbf1c96e6894b779456d330e', '2.jpg', 'admin', NULL, 'Male', 'Lalmonir hat, Bangladesh', 1700598073),
(20201004, 'jamijoy.science', 'jami@gmail.com', '7815696ecbf1c96e6894b779456d330e', NULL, 'user', NULL, 'Male', 'Rangpur, Bangladesh.', 1726900207),
(20201005, 'ranakader', 'rana.kader@gmail.com', 'debdeecd7ed7c3258ab945cba0396e15', NULL, 'user', NULL, NULL, 'Brooklyn Height, Barisal.', 1581273245),
(20201006, 'Shaheb Sarkar', 'sarkar2020@outlook.com', '7815696ecbf1c96e6894b779456d330e', NULL, 'user', NULL, NULL, 'KarMail, Dhaka Noeapar - 1120.', 1700590003),
(20201007, 'Montgomery Knat', 'mknattdg@webnode.com', '1be39b40592b94df50f06fc4cee8390b', NULL, 'user', NULL, 'Male', '29/32M Resavoir Palace, Baghdad, Iraq.', 729150368),
(20201008, 'Gwen Pendrich', 'gpendrich9w@angelfire.com', '08e3ef495876bdf496bd7d1a1514e5a3', NULL, 'user', NULL, 'Female', '67/42B Cilliam Transmit Road, Helsinki, Finland.', 770103410),
(20201009, 'Pepito Tomsett', 'ptomsett4e@mlb.com', '12ba08d9c5ce98c6c13290c177b85fb3', NULL, 'user', NULL, 'Male', '45/71K Serambag st.San Jose, Costa Rica.', 42719702),
(20201010, 'Jeffy Desorts', 'jdesorts8m@psu.edu', '8e3f9a1912029fb142887959c32c85b3', NULL, 'user', NULL, 'Male', '89/54G White House Residence, Kingston, Jamaica.', 81985947),
(20201011, 'Arturo Garvey', 'agarveyj0@cmu.edu', '2adcce3f96d024efdfef6217f17fa87b', NULL, 'user', NULL, 'Male', '89/92R Beikstone Georgia, Rome, Italy.', 90651915),
(20201012, 'Tracie Boliver', 'tboliverqj@berkeley.edu', 'd65df74551a091d3b3ff8d1511f9f97c', NULL, 'user', NULL, 'Male', '49/49A Albert Graham Road, Bandar Seri Begawan, Br', 69185732),
(20201013, 'Henryetta Ferna', 'hfernandon0@hc360.com', '9dac577242d6adb368e1241c18b567f6', NULL, 'user', NULL, 'Female', '78/61D Lakveil Graveyard,Vienna,Austria', 11384240),
(20201014, 'Arnaldo Lebarre', 'alebarreejr@php.net', '7c022b15a0626c6640272a4796866dfc', NULL, 'user', NULL, 'Male', '50/36F Billiard Road Fort Gate, Paris, France.', 306102671),
(20201016, 'Luther Seagrove', 'lseagrovegh@loc.gov', 'e89128ce14f7d5c5604b8188b258448e', NULL, 'user', NULL, 'Male', '60/45C Eskaton Palace Road, San Salvador, El Salva', 44388951),
(20201017, 'Margarita Simma', 'msimmanka5@youtube.com', '8a4d9b54bef5a55eecc2e7facc9f818b', NULL, 'user', NULL, 'Female', '84/99D Lakveil Graveyard,Vienna,Austria', 191107419),
(20201018, 'Lissie Manoch', 'lmanochha@trellian.com', '11555e8ef7faea7793b3416730e4879f', NULL, 'user', NULL, 'Female', '73/92J Lorenham Palace, Tehran, Iran.', 77270981),
(20201019, 'Consuela Bruyet', 'cbruyettai@indiegogo.com', 'd188ebebb749438f64c4f21c54b1a7e9', NULL, 'user', NULL, 'Female', '36/76D Arter Rolen Road, Cairo, Egypt.', 462125446),
(20201021, 'Jenny Brankley', 'jbrankleyca@squidoo.com', '6a8285058cc2f544719adadce98aefed', NULL, 'user', NULL, 'Female', '72/64K Serambag st.San Jose, Costa Rica.', 351153151),
(20201022, 'Eberhard Saladi', 'esaladineof@google.ru', 'b543401cf06e5ab9e59667d96de12fc6', NULL, 'user', NULL, 'Male', '33/93D Norveil Tower, Tripoli, Libya.', 15987563),
(20201023, 'Ike Dory', 'idory2a@pagesperso-orange.fr', '7abd3ca3968015b547a68d606db41527', NULL, 'user', NULL, 'Male', '29/30C Adams Lane, Andorra La Vella, Andorra', 29951153),
(20201026, 'Woody Jeste', 'wjesteg2@wisc.edu', 'd7c9db289bf32b2b2a345f99e5ed753b', NULL, 'user', NULL, 'Male', '11/59E Sylvania Towar, Dhakeshwari, Dhaka, Banglad', 879110905),
(20201027, 'Normand Blasing', 'nblasingoy@smh.com.au', '09d703756301555ed4c8a19efeaa6e3f', NULL, 'user', NULL, 'Male', '91/36M Royal Palace, Green Garden , Athens, Greece', 947164186),
(20201028, 'Adriaens Trayte', 'atrayte52@trellian.com', '86b355a218e45a57f8b1cef4ac56a627', NULL, 'user', NULL, 'Female', '69/20E Sylvania Towar, Dhakeshwari, Dhaka, Banglad', 642107309),
(20201030, 'Umeko Stow', 'ustowdq@fema.gov', '8148f2f4992dd6792920e0c362ba7f73', NULL, 'user', NULL, 'Female', '68/52H Edward Field Residence, Saint Georges, Gren', 15767682),
(20201031, 'Jerrine Samet', 'jsamet3i@phoca.cz', '4bc19897ee3d1a35af3ff7aa6bcc1b58', NULL, 'user', NULL, 'Female', '87/22D Jackson Height st.,Saint Johns,Antigua ', 661103656),
(20201032, 'Corine Polycote', 'cpolycote6e@yahoo.co.jp', 'ed1b08584e62d6f124a7609e9128c06d', NULL, 'user', NULL, 'Female', '53/59C Delta Prime Hospital Road, Berlin, Germany', 700139493),
(20201033, 'Niven Culbert', 'nculbertkx@discovery.com', '97a43bc38a8a6303bbcb39a505dfa4e2', NULL, 'user', NULL, 'Male', '75/14B HardGain Road, Beijing, China.', 468188367),
(20201034, 'Nicky Twiddy', 'ntwiddyb@nasa.gov', '66a7c0e33a4003a240fcaae0a7e9b549', NULL, 'user', NULL, 'Male', '32/79T ARB Apartment, Monaco, Monaco.', 95679800),
(20201035, 'Isiahi Hamnet', 'ihamnet25@sourceforge.net', 'bec3b0afacb600257d186e48a668b85d', NULL, 'user', NULL, 'Male', '71/18E Makentile Fort Road, Brasilia, Brazil.', 45965513),
(20201039, 'Kimble Ricardo', 'kricardo5@youtu.be', 'bdda10036d3979c9d0145b26a0b99f04', NULL, 'user', NULL, 'Male', '60/18F Liverpool Playyard,Buenos Aires,Argentina', 180127210),
(20201040, 'Hersh Gilders', 'hgildersc6@blinklist.com', 'afff7735a54ebfa8c69d137b58ebf4a9', NULL, 'user', NULL, 'Male', '52/87C Lorial Grafens Road, Ottawa, Canada.', 85499771),
(20201042, 'Koenraad Goane', 'kgoaneoe@so-net.ne.jp', '875e4ab53a785f8df6077316e89b3b20', NULL, 'user', NULL, 'Male', '92/88J Lorenham Palace, Tehran, Iran.', 598179636),
(20201043, 'Binny Cowdry', 'bcowdryj@ehow.com', '956ff38ee12bde2beb967a03957969be', NULL, 'user', NULL, 'Female', '68/91R Beikstone Georgia, Rome, Italy.', 286148636),
(20201044, 'Nance Bromet', 'nbromet9y@harvard.edu', '56f28a2e228dec536ec9e4f72ccbb8eb', NULL, 'user', NULL, 'Female', '38/88M Royal Palace, Green Garden , Athens, Greece', 49076413),
(20201046, 'Juieta Storms', 'jstormsf7@hc360.com', '7e3b79c58ecbaf92de2a4e565aba29e2', NULL, 'user', NULL, 'Female', '97/85C Delta Prime Hospital Road, Berlin, Germany', 42784932),
(20201047, 'Abigale Segeswo', 'asegeswoethkp@redcross.org', '7f94b720ea9c1dcbb91580e173bf8e8a', NULL, 'user', NULL, 'Female', '89/38B Cilliam Transmit Road, Helsinki, Finland.', 675149214),
(20201048, 'Aubrette McNutt', 'amcnuttbk@chronoengine.com', '7064ac1279268c3c952293f0a6f1e299', NULL, 'user', NULL, 'Female', '89/63B HardGain Road, Beijing, China.', 79586381),
(20201049, 'Ula Newburn', 'unewburndi@telegraph.co.uk', '94a0dde82d6d3d64613492b43fd78508', NULL, 'user', NULL, 'Female', '75/27A Eskaton Road,Santiago, Chile.', 98195711),
(20201051, 'Bette-ann Folke', 'bfolkenf@com.com', '705d1b00cd3a3fece242faf8628022aa', NULL, 'user', NULL, 'Female', '20/99H Washinton View Fort Gate, Kuwait City, Kuwa', 231131203),
(20201052, 'Silvanus Hawksw', 'shawkswellog@over-blog.com', '93ad4720451bc424765cf12c1a52d44d', NULL, 'user', NULL, 'Male', '79/19T ARB Apartment, Monaco, Monaco.', 321130542),
(20201053, 'Lilla Chichgar', 'lchichgarc2@spiegel.de', 'aa0ef5a89d9835980ec2c9ee37ac2fa1', NULL, 'user', NULL, 'Female', '56/65C Delta Prime Hospital Road, Berlin, Germany', 628169915),
(20201054, 'Elli Sreenan', 'esreenanr2@chicagotribune.com', 'c7eb5d0e0adc317954de227a16713f82', NULL, 'user', NULL, 'Female', '66/51M Royal Palace, Green Garden , Athens, Greece', 751126244),
(20201056, 'Nanette Grinaug', 'ngrinaughhu@google.it', 'e8ad93364de559c3c105a939791bf600', NULL, 'user', NULL, 'Female', '29/20D Norveil Tower, Tripoli, Libya.', 38338399),
(20201057, 'Nefen Neumann', 'nneumannqm@youtube.com', '01cc6a69d3a045372efc70e6fd61f6a1', NULL, 'user', NULL, 'Male', '14/60E Idia Gate, Havana,Cuba. ', 69497235),
(20201058, 'Catlaina de Men', 'cdemendozan1@tamu.edu', '78d7421c18f87b6688e04acfe3b9b8bf', NULL, 'user', NULL, 'Female', '77/47E Sylvania Towar, Dhakeshwari, Dhaka, Banglad', 453160295),
(20201059, 'Glenine De Fili', 'gdefilippis33@imdb.com', 'f838c22792be8cb9af28328a4ea1f712', NULL, 'user', NULL, 'Female', '43/59H Edward Field Residence, Saint Georges, Gren', 320173841),
(20201060, 'Ilario Cartmael', 'icartmaellr@ocn.ne.jp', '8412734e71db7c0367296810ff86026e', NULL, 'user', NULL, 'Male', '46/34D Norveil Tower, Tripoli, Libya.', 750117625),
(20201061, 'Ninnette Meredy', 'nmeredythcp@china.com.cn', '4289f8d69d95435cb064b27422415593', NULL, 'user', NULL, 'Female', '96/76K Serambag st.San Jose, Costa Rica.', 134130975),
(20201062, 'Elnar Battram', 'ebattram1e@e-recht24.de', '96c079b50478b9044713404d3ebdd7e2', NULL, 'user', NULL, 'Male', '62/47D Lakveil Graveyard,Vienna,Austria', 26396767),
(20201063, 'Culver Dussy', 'cdussy23@hibu.com', 'c0118a31ae816f8707dcfcb6f945ddbe', NULL, 'user', NULL, 'Male', '81/82T Merul Badda Road, Dhaka, Bangladesh', 913156813),
(20201064, 'Nester Olivey', 'noliveye2@ted.com', 'e44604f6d6a089031f8b1b1c63fd0410', NULL, 'user', NULL, 'Male', '35/34C Eskaton Palace Road, San Salvador, El Salva', 834137406),
(20201065, 'Silva Kiddie', 'skiddielf@accuweather.com', 'a662a43fdb230f5c448ead17f4a23d99', NULL, 'user', NULL, 'Female', '94/48F Loganham Palace, Prague, Czechia.', 976156912),
(20201066, 'Dav Forryan', 'dforryan6y@wikia.com', 'de319b4c5b3f4cc9148a45e01eac3631', NULL, 'user', NULL, 'Male', '92/45D Jackson Height st.,Saint Johns,Antigua ', 91064433),
(20201067, 'Massimo Neath', 'mneathkg@netvibes.com', 'abf920787206ee1e1d5dc4594742f191', NULL, 'user', NULL, 'Male', '92/32E Idia Gate, Havana,Cuba. ', 791124903),
(20201068, 'Marsha Aikman', 'maikmanq6@aol.com', '6dd45810dc3e1dd95e14643225061241', NULL, 'user', NULL, 'Female', '94/89A Yanbkshi Road,Canberra,Australia', 219167600),
(20201070, 'Car Phair', 'cphair4i@facebook.com', 'd201e445dc392e7bd83aba3d9a1829e7', NULL, 'user', NULL, 'Male', '48/65A Albert Graham Road, Bandar Seri Begawan, Br', 903152679),
(20201071, 'Emmett Cossom', 'ecossom85@mac.com', '740981f4694d0f68e8b1ee720c783155', NULL, 'user', NULL, 'Male', '33/18F Billiard Road Fort Gate, Paris, France.', 65638220),
(20201072, 'Lauritz Hyde-Ch', 'lhydechambersjc@gov.uk', 'b7f6ebf1c95a7d30b3ec298dd581c2d7', NULL, 'user', NULL, 'Male', '41/21A Yanbkshi Road,Canberra,Australia', 29182256),
(20201073, 'Tad Vignal', 'tvignal86@multiply.com', 'a8bef1c6047e55ae0f66a1a9c469369c', NULL, 'user', NULL, 'Male', '88/50F Billiard Road Fort Gate, Paris, France.', 55460965),
(20201074, 'Feodora Holme', 'fholmer1@bing.com', '74c7e25010b8586386c2af494abc5c1d', NULL, 'user', NULL, 'Female', '71/59E Idia Gate, Havana,Cuba. ', 93295181),
(20201075, 'Rivalee Merchan', 'rmerchantar@ocn.ne.jp', '33fdebbbffc70d25e5886c04f9826451', NULL, 'user', NULL, 'Female', '79/34A Albert Graham Road, Bandar Seri Begawan, Br', 508128564),
(20201076, 'Miles Twinn', 'mtwinn2q@e-recht24.de', 'ce5a3178f598b99a7a7336dd85ca5586', NULL, 'user', NULL, 'Male', '24/73A Californian St. Copenhagen, Denmark.', 68491577),
(20201077, 'Sheila Asmus', 'sasmush9@google.com', '3fe0a3792dedb8d5288b8f66bc03e9a5', NULL, 'user', NULL, 'Female', '70/82E Makentile Fort Road, Brasilia, Brazil.', 31061953),
(20201078, 'Gabriella O\'Sha', 'goshaughnessy9z@ucoz.com', '73f66a7bc5a9de7ae1cbb303bf2b1858', NULL, 'user', NULL, 'Female', '28/33D Jackson Height st.,Saint Johns,Antigua ', 946110193),
(20201079, 'Dur Camier', 'dcamier6s@statcounter.com', 'f53c03dd00dbc210a7b4c8dc12498d81', NULL, 'user', NULL, 'Male', '43/73H Oscean View Lane, Panama City, Panama.', 226136861),
(20201080, 'Sondra Cowely', 'scowelyji@simplemachines.org', '56ff2616f4f416487495e93ae2619bfa', NULL, 'user', NULL, 'Female', '40/81H Oscean View Lane, Panama City, Panama.', 58777864),
(20201082, 'Loretta Hows', 'lhows93@drupal.org', '1d2a5efd64d7aac63376ca4eafc01f09', NULL, 'user', NULL, 'Female', '90/59H Tokyo Square, Kermail, Tokyo, Japan.', 51181872),
(20201083, 'Ulick Kincla', 'ukinclalb@mashable.com', 'c0ced0c21e10e2d1b40f09720284f992', NULL, 'user', NULL, 'Male', '29/86A Californian St. Copenhagen, Denmark.', 33291196),
(20201084, 'Elvin Goldsmith', 'egoldsmith3e@yahoo.com', '22a1376898737f59729d0ee9410598e5', NULL, 'user', NULL, 'Male', '45/68C Delta Prime Hospital Road, Berlin, Germany', 953171982),
(20201085, 'Walliw Kmicicki', 'wkmicickil@people.com.cn', '30e8a2f70dc0343029b91379b9648d06', NULL, 'user', NULL, 'Female', '51/25A Yanbkshi Road,Canberra,Australia', 16549434),
(20201086, 'Beniamino Lavin', 'blavinbl@g.co', 'f52676d879dbf6dcf71cf5b732c6c47a', NULL, 'user', NULL, 'Male', '34/92A Eskaton Road,Santiago, Chile.', 362101886),
(20201087, 'Munmro Shute', 'mshutek0@mlb.com', '1f3d9f6a2462f02f60a790a9535898ae', NULL, 'user', NULL, 'Male', '55/34A Eskaton Road,Santiago, Chile.', 599114036),
(20201088, 'Lewiss Sagg', 'lsagghg@columbia.edu', '65e28f4985cd35d1ed3b252b63f0190e', NULL, 'user', NULL, 'Male', '97/21A Albert Graham Road, Bandar Seri Begawan, Br', 712172746),
(20201089, 'Layla Drury', 'ldrury77@cbc.ca', 'bd14d9ba13a6678b7340ef38366a87c4', NULL, 'user', NULL, 'Female', '71/14A Eskaton Road,Santiago, Chile.', 98892867),
(20201092, 'Asher Pohls', 'apohls9v@netlog.com', 'b508799c272c28bd5639f86102bccd8e', NULL, 'user', NULL, 'Male', '91/30G White House Residence, Kingston, Jamaica.', 19713434),
(20201093, 'Vivi Tasseler', 'vtasselerbe@hostgator.com', '7559c3eb57d6208fd06c4e1b2870e4c3', NULL, 'user', NULL, 'Female', '30/79D Dankan Street,Manama,Bahrain', 854168393),
(20201095, 'Anett Hitzmann', 'ahitzmanncx@webeden.co.uk', 'db689feaabc9b6048d122f1c61bedd49', NULL, 'user', NULL, 'Female', '28/28B HardGain Road, Beijing, China.', 42078570),
(20201097, 'Quint Cliburn', 'qcliburnro@latimes.com', 'd196a84f7de8b4a0a691323727a38c7f', NULL, 'user', NULL, 'Male', '87/26B Cilliam Transmit Road, Helsinki, Finland.', 505152804),
(20201098, 'Mort Myall', 'mmyall24@apache.org', '0e9aa16b2f8ac017108c7d9eb6759895', NULL, 'user', NULL, 'Male', '16/60E Makentile Fort Road, Brasilia, Brazil.', 585170878),
(20201099, 'Duke Frontczak', 'dfrontczakax@umn.edu', 'c45e785584403f88dfce8ebc4ae49909', NULL, 'user', NULL, 'Male', '33/49K Serambag st.San Jose, Costa Rica.', 66377861),
(20201100, 'Revkah Tibalt', 'rtibaltnt@jimdo.com', '12dd4020c7042bd24943636076f5460e', NULL, 'user', NULL, 'Female', '16/52H Oscean View Lane, Panama City, Panama.', 99486922),
(20201101, 'Dacey Kacheler', 'dkacheler2w@networkadvertising.org', 'ae9b594d3456d31ace3b42cb5a800f03', NULL, 'user', NULL, 'Female', '80/13A Californian St. Copenhagen, Denmark.', 76876953),
(20201102, 'Bruno Harradenc', 'bharradencegc@canalblog.com', 'fa8f788786de1e3c7e7bb95f0bb6300f', NULL, 'user', NULL, 'Male', '99/44D Lakveil Graveyard,Vienna,Austria', 16581836),
(20201104, 'Brooks Mulgrew', 'bmulgrewm1@rakuten.co.jp', '4193c5508bdab507b0feae3a3c8546aa', NULL, 'user', NULL, 'Male', '67/55A Yanbkshi Road,Canberra,Australia', 880101132),
(20201105, 'Raphaela Rowney', 'rrowneyd1@addtoany.com', 'f47e27909ee963260160bc712d3176e7', NULL, 'user', NULL, 'Female', '85/69H Edward Field Residence, Saint Georges, Gren', 30491510),
(20201106, 'Jard Vankeev', 'jvankeevcm@oaic.gov.au', '56cc6c59a7168ada4c82a3ffc33ddf76', NULL, 'user', NULL, 'Male', '38/90F Loganham Palace, Prague, Czechia.', 15245704),
(20201108, 'Ab Vaudin', 'avaudindn@miitbeian.gov.cn', 'da5001c19efb5a925f8c442cb12553b2', NULL, 'user', NULL, 'Male', '75/53T ARB Apartment, Monaco, Monaco.', 990124284),
(20201109, 'Debi Pedican', 'dpedicanbu@mapy.cz', 'dd9af6d689de3d50665fb2658f7e791b', NULL, 'user', NULL, 'Female', '61/15T Merul Badda Road, Dhaka, Bangladesh', 74889067),
(20201110, 'Fleming Conklin', 'fconklinih@parallels.com', 'e3faac241ca9d4ce753f0d2a6bf40826', NULL, 'user', NULL, 'Male', '37/64H Washinton View Fort Gate, Kuwait City, Kuwa', 30567874),
(20201111, 'Birk Irlam', 'birlamlj@ning.com', '773d692b6f5415463dd64dce7f5b19f9', NULL, 'user', NULL, 'Male', '61/23B Cilliam Transmit Road, Helsinki, Finland.', 874125061),
(20201112, 'Sibylla East', 'seast32@smh.com.au', 'd0503e635a9f70a3ed0599b5381bc5bd', NULL, 'user', NULL, 'Female', '98/13A Californian St. Copenhagen, Denmark.', 774116708),
(20201113, 'Wolfgang Collum', 'wcollumbell48@deviantart.com', '82dc7bf6b73cfc92ac6164e310321f58', NULL, 'user', NULL, 'Male', '67/47A Albert Graham Road, Bandar Seri Begawan, Br', 465137496),
(20201115, 'Melvyn Gosnall', 'mgosnall3d@umich.edu', '1db00945baffebccc3a42f49db3fcef9', NULL, 'user', NULL, 'Male', '18/39E Idia Gate, Havana,Cuba. ', 697107030),
(20201116, 'Jackqueline Flo', 'jflohardev@bloglovin.com', '8509b9a70b163c858ff295e36960a477', NULL, 'user', NULL, 'Female', '34/70T Merul Badda Road, Dhaka, Bangladesh', 825150631),
(20201118, 'Tomkin Luty', 'tlutyew@cbslocal.com', '93b3cc3c45400561f1a2fdc843a4a4f5', NULL, 'user', NULL, 'Male', '85/65D Dankan Street,Manama,Bahrain', 284161094),
(20201119, 'Aubert Bollans', 'abollans9@auda.org.au', '528fe0fcfdb27ba7e250eb9fd640eb2b', NULL, 'user', NULL, 'Male', '30/26F Liverpool Playyard,Buenos Aires,Argentina', 31280748),
(20201120, 'Marna Smaridge', 'msmaridge6u@ibm.com', '41474e66060bd08ba090ab89bfab312d', NULL, 'user', NULL, 'Female', '11/86T ARB Apartment, Monaco, Monaco.', 891101468),
(20201121, 'Gaby Benson', 'gbenson9f@kickstarter.com', 'b8bbbbb799e7efdfa907d9b1517507d7', NULL, 'user', NULL, 'Female', '80/82B HardGain Road, Beijing, China.', 64845841),
(20201122, 'Emmalynn Worman', 'ewormanfh@delicious.com', '3ea07068720327ce2ddf2c6a439c381a', NULL, 'user', NULL, 'Female', '37/72C Adams Lane, Andorra La Vella, Andorra', 687132484),
(20201123, 'Lawton Dyet', 'ldyet7i@simplemachines.org', 'adaa2c781a7eac6f2d7285dcca0ce982', NULL, 'user', NULL, 'Male', '92/36F Billiard Road Fort Gate, Paris, France.', 681103721),
(20201124, 'Giuditta Dealey', 'gdealeygs@oaic.gov.au', '22a4efae3be259809bbba576287ddf6d', NULL, 'user', NULL, 'Female', '85/31H Tokyo Square, Kermail, Tokyo, Japan.', 118155847),
(20201125, 'Annora Ebdon', 'aebdonga@mac.com', 'd3518eb652c3b9d1fbe21e4eb4343d36', NULL, 'user', NULL, 'Female', '19/53B HardGain Road, Beijing, China.', 888115042),
(20201126, 'Giacomo Screeto', 'gscreeton9r@amazon.com', 'cf45281f63b1fe15d874c30465dd25e9', NULL, 'user', NULL, 'Male', '97/93D Dankan Street,Manama,Bahrain', 37162019),
(20201127, 'Derick Ortelt', 'dortelth8@xinhuanet.com', '7494b11a59ac49911f9283e03334b2bf', NULL, 'user', NULL, 'Male', '79/61T ARB Apartment, Monaco, Monaco.', 348121301),
(20201128, 'Orlando Winckwo', 'owinckworth2g@eventbrite.com', 'd8aa91becd04358edb55d2ff3f31eb1b', NULL, 'user', NULL, 'Male', '83/37F Liverpool Playyard,Buenos Aires,Argentina', 9144293),
(20201129, 'Nolly McCarlich', 'nmccarlichp@hc360.com', '66e89e31f5e9fbfc4c3bd779ab34bfb9', NULL, 'user', NULL, 'Male', '33/46F Billiard Road Fort Gate, Paris, France.', 97591929),
(20201130, 'Ivory Ruttgers', 'iruttgersed@dedecms.com', 'f54fcdc93124dc7ec5a00ba740d41c9d', NULL, 'user', NULL, 'Female', '89/42B Cilliam Transmit Road, Helsinki, Finland.', 364150107),
(20201131, 'Leoline Ablitt', 'lablitt22@patch.com', 'e45bb83bf0b35928166649c30f659ff1', NULL, 'user', NULL, 'Female', '23/42M Resavoir Palace, Baghdad, Iraq.', 535107375),
(20201132, 'Tymothy Delos', 'tdelos1m@is.gd', '84c41968e335e496820734d381f2dbee', NULL, 'user', NULL, 'Male', '58/88C Adams Lane, Andorra La Vella, Andorra', 652112992),
(20201133, 'Merrily Moggle', 'mmoggle87@sitemeter.com', 'ed599612c6269b8e8d2c009e624b56d5', NULL, 'user', NULL, 'Female', '33/40C Lorial Grafens Road, Ottawa, Canada.', 763102633),
(20201135, 'Kissee Barette', 'kbaretteff@prnewswire.com', '4532b60aca54b351d69425269258f8f5', NULL, 'user', NULL, 'Female', '36/27H Tokyo Square, Kermail, Tokyo, Japan.', 190140299),
(20201136, 'Ileana Vedekhin', 'ivedekhinqc@spotify.com', 'b24c4c9db5c823f9d0d443ee17ee549c', NULL, 'user', NULL, 'Female', '87/30F Liverpool Playyard,Buenos Aires,Argentina', 336106797),
(20201137, 'Gene MacAnellye', 'gmacanellyehf@wordpress.org', 'f8c59630b1df108afef276455cd2debd', NULL, 'user', NULL, 'Male', '70/47K Serambag st.San Jose, Costa Rica.', 527112526),
(20201138, 'Ignatius Alpheg', 'ialphege99@blinklist.com', '28ad0b1dc164584cc11a8211ae315978', NULL, 'user', NULL, 'Male', '11/13T Merul Badda Road, Dhaka, Bangladesh', 921110787),
(20201139, 'Evelin Morpeth', 'emorpeth5y@mlb.com', 'eb2da415ed3f1f856b9143b576b76a02', NULL, 'user', NULL, 'Male', '69/34A Californian St. Copenhagen, Denmark.', 37072063),
(20201140, 'Alexis Yonge', 'ayongecz@hibu.com', '657a2f40c8391c1e3928d5b170c1de0a', NULL, 'user', NULL, 'Male', '79/31B HardGain Road, Beijing, China.', 414142148),
(20201143, 'Mose Nealand', 'mnealand7g@gizmodo.com', '4890e63961c731b2dc1a5762379ca490', NULL, 'user', NULL, 'Male', '60/73R Beikstone Georgia, Rome, Italy.', 13296239),
(20201144, 'Constantine Cla', 'cclaussonp9@omniture.com', '059159013098fedaa1798cb5749291a5', NULL, 'user', NULL, 'Male', '89/50M Resavoir Palace, Baghdad, Iraq.', 112110396),
(20201146, 'Darcy Dubs', 'ddubsfg@is.gd', 'ca8c694b54cfff86ec86017b9fce035c', NULL, 'user', NULL, 'Female', '26/37F Liverpool Playyard,Buenos Aires,Argentina', 692131835),
(20201147, 'Neill Llorens', 'nllorens2v@examiner.com', 'c1d3c74e58bcbe6ac8ee5f3eb4727abe', NULL, 'user', NULL, 'Male', '17/64G White House Residence, Kingston, Jamaica.', 442109539),
(20201148, 'Andy Hailwood', 'ahailwoodal@mtv.com', '27373d6abeefd7db8a74c53dae976561', NULL, 'user', NULL, 'Female', '48/33G White House Residence, Kingston, Jamaica.', 92737737),
(20201149, 'Deborah Winterb', 'dwinterbothamgl@unesco.org', 'b42e7c2d857154604beb919f83b5a253', NULL, 'user', NULL, 'Female', '19/80T Merul Badda Road, Dhaka, Bangladesh', 16069034),
(20201151, 'Dillie Maffia', 'dmaffiaqh@wired.com', '6aa91afe9b1c8efe0be1bb219165cd98', NULL, 'user', NULL, 'Male', '97/14D Jackson Height st.,Saint Johns,Antigua ', 75362268),
(20201153, 'Vania Totterdil', 'vtotterdillgr@slashdot.org', '50894b2c40f989576df950e7b50520ef', NULL, 'user', NULL, 'Female', '83/17J Lorenham Palace, Tehran, Iran.', 192114540),
(20201154, 'Janifer Cashley', 'jcashleykj@xing.com', '8a45ce03767d8eac52d7407ee7b1c211', NULL, 'user', NULL, 'Female', '14/68G White House Residence, Kingston, Jamaica.', 562121224),
(20201156, 'Dario Meneur', 'dmeneurl5@nifty.com', 'e1a7b17611d980554f8ed63ea17d4c08', NULL, 'user', NULL, 'Male', '66/40A Yanbkshi Road,Canberra,Australia', 860135167),
(20201157, 'Fletch Moncreif', 'fmoncreiffer8@sbwire.com', '5e382c648683fdbd7dd1351b82a19cbb', NULL, 'user', NULL, 'Male', '29/54D Jackson Height st.,Saint Johns,Antigua ', 231104144),
(20201158, 'Currey Winfinda', 'cwinfindale1q@zimbio.com', 'b12eeb9bd0b7fe6fd5ce18ca0217b896', NULL, 'user', NULL, 'Male', '61/66C Lorial Grafens Road, Ottawa, Canada.', 46463584),
(20201159, 'Obadiah Piscope', 'opiscopellobb@ebay.co.uk', '00cc328b8d8e194b00f10ad0e5404670', NULL, 'user', NULL, 'Male', '12/93F Liverpool Playyard,Buenos Aires,Argentina', 38993197),
(20201160, 'Massimo Soall', 'msoallnq@bandcamp.com', '1ab9b5697e511b65e5dfe25117a8548a', NULL, 'user', NULL, 'Male', '45/41R Beikstone Georgia, Rome, Italy.', 465193988),
(20201163, 'Aliza MacBain', 'amacbain3o@themeforest.net', '3bb3b01a211ed5ff11e10b0cffbc772a', NULL, 'user', NULL, 'Female', '97/25D Jackson Height st.,Saint Johns,Antigua ', 133118769),
(20201164, 'Trula Jacmard', 'tjacmardhe@oakley.com', '39389766a75ac387a57b8c14408c881d', NULL, 'user', NULL, 'Female', '43/20H Tokyo Square, Kermail, Tokyo, Japan.', 71544702),
(20201165, 'Pietra Winmill', 'pwinmill4u@diigo.com', 'c4880a3e9f608ac89b916988135aa4db', NULL, 'user', NULL, 'Female', '82/76B Cilliam Transmit Road, Helsinki, Finland.', 655110002),
(20201166, 'Claudio Derle', 'cderleob@chronoengine.com', '2367760bd00ee8fe6da67edcc22150cd', NULL, 'user', NULL, 'Male', '82/54B Cilliam Transmit Road, Helsinki, Finland.', 637136636),
(20201167, 'Griffie Jedrzej', 'gjedrzejczakp6@amazon.co.uk', '2f76acd824154258ad8b77680af6771a', NULL, 'user', NULL, 'Male', '80/23C Adams Lane, Andorra La Vella, Andorra', 62287002),
(20201168, 'Jeremy Baynard', 'jbaynardl4@mayoclinic.com', '92d89cec775ff176257223a33e623ef7', NULL, 'user', NULL, 'Male', '47/18G White House Residence, Kingston, Jamaica.', 668138368),
(20201169, 'Astrix Evreux', 'aevreuxd8@jiathis.com', 'a3cb949590dcc6b094e077b5a7239f69', NULL, 'user', NULL, 'Female', '11/14B Cilliam Transmit Road, Helsinki, Finland.', 83899041),
(20201170, 'Annecorinne Dio', 'adionis7d@archive.org', 'bb19d9c72714f1b24d76fc1b92438ab7', NULL, 'user', NULL, 'Female', '39/24F Liverpool Playyard,Buenos Aires,Argentina', 467114952),
(20201171, 'Weylin Orhrt', 'worhrthr@timesonline.co.uk', '1c8b4cc5b285c681a9f37b8b4544c489', NULL, 'user', NULL, 'Male', '19/98T Merul Badda Road, Dhaka, Bangladesh', 60542934),
(20201172, 'Gillian Seebrig', 'gseebright2l@nhs.uk', 'f9865eeb69bbf0a455dc7d21c2b8638e', NULL, 'user', NULL, 'Female', '99/49D Lakveil Graveyard,Vienna,Austria', 465109153),
(20201173, 'Milty Plunket', 'mplunket8c@ucoz.ru', '613ddecc7cd87a309f77758057747188', NULL, 'user', NULL, 'Male', '41/19A Eskaton Road,Santiago, Chile.', 442101121),
(20201174, 'Renell MacCart', 'rmaccart29@t.co', '486aab77762a74de0b83ea690cb9b687', NULL, 'user', NULL, 'Female', '77/19G White House Residence, Kingston, Jamaica.', 526116091),
(20201175, 'Adham Sartain', 'asartainna@europa.eu', '4195129ebd988ac2f9ba4bf760503160', NULL, 'user', NULL, 'Male', '71/78H Oscean View Lane, Panama City, Panama.', 348107193),
(20201176, 'Pepita Rubin', 'prubin1g@bloomberg.com', 'f93850473bb67912a267dc50437a9f4c', NULL, 'user', NULL, 'Female', '42/92K Serambag st.San Jose, Costa Rica.', 503112879),
(20201178, 'Steven Drejer', 'sdrejermx@unc.edu', 'b7af766b6404b75d40216f18615b3335', NULL, 'user', NULL, 'Male', '63/72T ARB Apartment, Monaco, Monaco.', 985137930),
(20201179, 'Shelton Thunner', 'sthunnercliffegk@indiegogo.com', '012daee60e8e552f9225bfb3f3bed036', NULL, 'user', NULL, 'Male', '83/55C Lorial Grafens Road, Ottawa, Canada.', 776112217),
(20201180, 'Isiahi Antrum', 'iantrumjm@nymag.com', '49aa8b0505478bdfa0f535ccc28df73c', NULL, 'user', NULL, 'Male', '55/90A Californian St. Copenhagen, Denmark.', 29575917),
(20201182, 'Mia Wevell', 'mwevelln7@deviantart.com', 'f2f79cf483cc2bc72b4713c4a0296b51', NULL, 'user', NULL, 'Female', '56/84F Liverpool Playyard,Buenos Aires,Argentina', 62388745),
(20201183, 'Renado Turneaux', 'rturneauxkw@wp.com', '8cfbf2644991890637f4c700b55359ca', NULL, 'user', NULL, 'Male', '59/78D Norveil Tower, Tripoli, Libya.', 421145324),
(20201184, 'Noni Valentetti', 'nvalentettih1@joomla.org', '572efd635a71f6046452b51e4b6349d9', NULL, 'user', NULL, 'Female', '37/14J Lorenham Palace, Tehran, Iran.', 99892035),
(20201185, 'Lilia Ploughwri', 'lploughwright21@etsy.com', '4ebde3788560fe9a371db8ee5f741e09', NULL, 'user', NULL, 'Female', '17/40F Billiard Road Fort Gate, Paris, France.', 80534769),
(20201186, 'Fredek Halleday', 'fhalledaypb@theguardian.com', 'a3b4051f57f900c364a28cd61240ecc0', NULL, 'user', NULL, 'Male', '92/71H Tokyo Square, Kermail, Tokyo, Japan.', 172131619),
(20201188, 'Hastings Rawstr', 'hrawstronjk@oaic.gov.au', 'f04a94d6727d04e039005863272a3718', NULL, 'user', NULL, 'Male', '12/46A Albert Graham Road, Bandar Seri Begawan, Br', 22171235),
(20201189, 'Carley Shipperb', 'cshipperbottombc@pcworld.com', '893278b718a15651546d9a7e4d4b8b31', NULL, 'user', NULL, 'Female', '25/34F Liverpool Playyard,Buenos Aires,Argentina', 655144203),
(20201190, 'Brett Licas', 'blicaslq@mlb.com', '78141eecaf0a31b64398cad52b86edd3', NULL, 'user', NULL, 'Male', '25/11F Loganham Palace, Prague, Czechia.', 37890597),
(20201193, 'Tremain Fishwic', 'tfishwickf8@amazon.de', '2309a19929af35e269b57000133386f7', NULL, 'user', NULL, 'Male', '18/28D Dankan Street,Manama,Bahrain', 90585393),
(20201195, 'Corabelle Danil', 'cdanilevichir@artisteer.com', 'b5b13aac55c141a8c18d73676a18b4a8', NULL, 'user', NULL, 'Female', '22/95C Lorial Grafens Road, Ottawa, Canada.', 265107247),
(20201196, 'Carine Sipson', 'csipsonou@linkedin.com', '17d55f0815409479fc9e5a5dad331cc5', NULL, 'user', NULL, 'Female', '71/36A Eskaton Road,Santiago, Chile.', 15443204),
(20201198, 'Xymenes MacCurl', 'xmaccurleypi@ucoz.com', '5b67317d7c53f944dbef1a7edde5e20a', NULL, 'user', NULL, 'Male', '34/79J Lorenham Palace, Tehran, Iran.', 373178472),
(20201199, 'Coop Hulmes', 'chulmes7v@elpais.com', 'ee2d9b43247ad7736515f1e02d814369', NULL, 'user', NULL, 'Male', '79/58T ARB Apartment, Monaco, Monaco.', 51463178),
(20201201, 'Timi Evins', 'tevinsbp@businessweek.com', '377212ef912431a9c1217bf5b50df976', NULL, 'user', NULL, 'Female', '19/82C Eskaton Palace Road, San Salvador, El Salva', 194105939),
(20201202, 'Andrei Pullar', 'apullaren@amazon.co.jp', '84f7bfcb5f5a99817fc8be7772ff8748', NULL, 'user', NULL, 'Female', '82/81C Lorial Grafens Road, Ottawa, Canada.', 42975276),
(20201205, 'Decca Sneezum', 'dsneezumpc@dailymail.co.uk', '4adcc7d60ed23c8fa694c8c36b19892f', NULL, 'user', NULL, 'Male', '80/54A Californian St. Copenhagen, Denmark.', 924113447),
(20201206, 'Leeland Cutchee', 'lcutchee9x@yandex.ru', '2efec31a0424355fd9ae77e12a757df1', NULL, 'user', NULL, 'Male', '55/99G White House Residence, Kingston, Jamaica.', 31089241),
(20201207, 'Prottasha', 'rcsamina@aiub.edu', '3ccefdd0a16d239ca11a5e50723e17a2', '20201207.jpg', 'user', 'N/A', NULL, 'Kerkail Railgate, Jamalpur, Bangladesh.', 1915234539);

--
-- Indexes for dumped tables
--

--
-- Indexes for table `tbl_coupon`
--
ALTER TABLE `tbl_coupon`
  ADD PRIMARY KEY (`coupon_id`);

--
-- Indexes for table `tbl_invoice`
--
ALTER TABLE `tbl_invoice`
  ADD PRIMARY KEY (`inv_id`);

--
-- Indexes for table `tbl_order_details`
--
ALTER TABLE `tbl_order_details`
  ADD PRIMARY KEY (`no`);

--
-- Indexes for table `tbl_prod_details`
--
ALTER TABLE `tbl_prod_details`
  ADD PRIMARY KEY (`prod_id`);

--
-- Indexes for table `tbl_prod_review`
--
ALTER TABLE `tbl_prod_review`
  ADD PRIMARY KEY (`rev_no`);

--
-- Indexes for table `tbl_sitedata`
--
ALTER TABLE `tbl_sitedata`
  ADD PRIMARY KEY (`no`);

--
-- Indexes for table `users`
--
ALTER TABLE `users`
  ADD PRIMARY KEY (`userid`);

--
-- AUTO_INCREMENT for dumped tables
--

--
-- AUTO_INCREMENT for table `tbl_coupon`
--
ALTER TABLE `tbl_coupon`
  MODIFY `coupon_id` int(11) NOT NULL AUTO_INCREMENT, AUTO_INCREMENT=111008;

--
-- AUTO_INCREMENT for table `tbl_invoice`
--
ALTER TABLE `tbl_invoice`
  MODIFY `inv_id` int(11) NOT NULL AUTO_INCREMENT;

--
-- AUTO_INCREMENT for table `tbl_prod_details`
--
ALTER TABLE `tbl_prod_details`
  MODIFY `prod_id` int(11) NOT NULL AUTO_INCREMENT, AUTO_INCREMENT=51;

--
-- AUTO_INCREMENT for table `tbl_prod_review`
--
ALTER TABLE `tbl_prod_review`
  MODIFY `rev_no` int(10) NOT NULL AUTO_INCREMENT, AUTO_INCREMENT=1140;

--
-- AUTO_INCREMENT for table `users`
--
ALTER TABLE `users`
  MODIFY `userid` int(15) NOT NULL AUTO_INCREMENT, AUTO_INCREMENT=20201208;
COMMIT;

/*!40101 SET CHARACTER_SET_CLIENT=@OLD_CHARACTER_SET_CLIENT */;
/*!40101 SET CHARACTER_SET_RESULTS=@OLD_CHARACTER_SET_RESULTS */;
/*!40101 SET COLLATION_CONNECTION=@OLD_COLLATION_CONNECTION */;
